{
    "start": [
        [
            0,
            0
        ],
        [
            1200,
            720
        ],
        [
            1200,
            720
        ],
        [
            0,
            0
        ],
        [
            0,
            480
        ],
        [
            440,
            200
        ]
    ],
    "end": [
        [
            1200,
            0
        ],
        [
            1200,
            0
        ],
        [
            0,
            720
        ],
        [
            0,
            720
        ],
        [
            440,
            480
        ],
        [
            1200,
            200
        ]
    ],
    "thickness": [
        10,
        10,
        10,
        10,
        10,
        10
    ],
    "moves": 5,
    "victory": [
        [
            1044,
            176
        ]
    ],
    "player": [
        [
            240,
            650
        ]
    ],
    "ball_center": [],
    "ball_radius": [],
    "portal_start": [],
    "portal_end": [],
    "coin_pos": [
        [
            120,
            420
        ],
        [
            320,
            420
        ],
        [
            420,
            620
        ],
        [
            600,
            520
        ],
        [
            320,
            420
        ],
        [
            340,
            220
        ],
        [
            560,
            160
        ],
        [
            800,
            160
        ],
        [
            800,
            420
        ]
    ]
}