{
    "start": [
        [
            0,
            0
        ],
        [
            1200,
            720
        ],
        [
            1040,
            720
        ],
        [
            600,
            160
        ],
        [
            0,
            720
        ],
        [
            1200,
            0
        ],
        [
            0,
            0
        ]
    ],
    "end": [
        [
            1200,
            0
        ],
        [
            1040,
            720
        ],
        [
            1040,
            160
        ],
        [
            1040,
            160
        ],
        [
            560,
            460
        ],
        [
            1200,
            720
        ],
        [
            0,
            720
        ]
    ],
    "thickness": [
        10,
        10,
        10,
        10,
        10,
        10,
        10
    ],
    "moves": 5,
    "victory": [
        [
            980,
            200
        ]
    ],
    "player": [
        [
            1120,
            620
        ]
    ],
    "ball_center": [],
    "ball_radius": [],
    "portal_start": [],
    "portal_end": [],
    "coin_pos": [
        [
            1120,
            520
        ],
        [
            1120,
            520
        ],
        [
            1120,
            220
        ],
        [
            80,
            640
        ],
        [
            240,
            560
        ],
        [
            420,
            480
        ],
        [
            880,
            120
        ],
        [
            880,
            120
        ],
        [
            660,
            120
        ],
        [
            1120,
            520
        ],
        [
            1120,
            520
        ]
    ]
}