{
    "start": [
        [
            0,
            0
        ],
        [
            1200,
            720
        ],
        [
            1200,
            720
        ],
        [
            0,
            0
        ],
        [
            380,
            360
        ]
    ],
    "end": [
        [
            1200,
            0
        ],
        [
            1200,
            0
        ],
        [
            0,
            720
        ],
        [
            0,
            720
        ],
        [
            800,
            360
        ]
    ],
    "thickness": [
        10,
        10,
        10,
        10,
        10
    ],
    "moves": 5,
    "victory": [
        [
            604,
            336
        ]
    ],
    "player": [
        [
            1000,
            620
        ]
    ],
    "ball_center": [],
    "ball_radius": [],
    "portal_start": [],
    "portal_end": [],
    "coin_pos": [
        [
            940,
            300
        ],
        [
            1020,
            540
        ],
        [
            700,
            260
        ]
    ]
}