{
    "start": [
        [
            0,
            0
        ],
        [
            1200,
            720
        ],
        [
            1200,
            720
        ],
        [
            0,
            0
        ],
        [
            0,
            0
        ]
    ],
    "end": [
        [
            1200,
            0
        ],
        [
            1200,
            0
        ],
        [
            0,
            720
        ],
        [
            0,
            720
        ],
        [
            1200,
            720
        ]
    ],
    "thickness": [
        10,
        10,
        10,
        10,
        10
    ],
    "moves": 5,
    "victory": [
        [
            1104,
            56
        ]
    ],
    "player": [
        [
            80,
            680
        ]
    ],
    "ball_center": [],
    "ball_radius": [],
    "portal_start": [
        [
            80,
            200
        ]
    ],
    "portal_end": [
        [
            1120,
            560
        ]
    ],
    "coin_pos": [
        [
            1120,
            360
        ],
        [
            400,
            160
        ],
        [
            840,
            580
        ]
    ]
}