{
    "start": [
        [
            1200,
            0
        ],
        [
            1200,
            0
        ],
        [
            0,
            720
        ],
        [
            0,
            720
        ],
        [
            1040,
            180
        ],
        [
            200,
            180
        ],
        [
            0,
            240
        ],
        [
            200,
            500
        ]
    ],
    "end": [
        [
            0,
            0
        ],
        [
            1200,
            720
        ],
        [
            1200,
            720
        ],
        [
            0,
            0
        ],
        [
            1040,
            720
        ],
        [
            1040,
            180
        ],
        [
            720,
            520
        ],
        [
            200,
            720
        ]
    ],
    "thickness": [
        10,
        10,
        10,
        10,
        10,
        10,
        10,
        10
    ],
    "moves": 10,
    "victory": [
        [
            84,
            696
        ]
    ],
    "player": [
        [
            1120,
            600
        ]
    ],
    "ball_center": [
        [
            1120,
            300
        ],
        [
            1120,
            300
        ],
        [
            1120,
            300
        ],
        [
            1120,
            300
        ],
        [
            1120,
            300
        ],
        [
            1120,
            300
        ],
        [
            1120,
            300
        ],
        [
            1120,
            300
        ],
        [
            1120,
            300
        ],
        [
            1120,
            300
        ],
        [
            1120,
            300
        ],
        [
            1120,
            300
        ]
    ],
    "ball_radius": [
        10,
        10,
        10,
        10,
        10,
        10,
        10,
        10,
        10,
        10,
        10,
        10
    ],
    "portal_start": [
        [
            960,
            640
        ],
        [
            260,
            660
        ]
    ],
    "portal_end": [
        [
            1120,
            80
        ],
        [
            260,
            80
        ]
    ],
    "coin_pos": [
        [
            1120,
            500
        ],
        [
            420,
            120
        ],
        [
            740,
            120
        ],
        [
            1120,
            260
        ],
        [
            200,
            280
        ],
        [
            400,
            360
        ],
        [
            100,
            440
        ],
        [
            100,
            620
        ],
        [
            820,
            660
        ],
        [
            260,
            500
        ],
        [
            540,
            660
        ],
        [
            640,
            460
        ]
    ]
}