{
    "start": [
        [
            0,
            0
        ],
        [
            1200,
            720
        ],
        [
            0,
            720
        ],
        [
            0,
            720
        ],
        [
            0,
            120
        ],
        [
            0,
            320
        ],
        [
            730,
            280
        ],
        [
            730,
            480
        ]
    ],
    "end": [
        [
            1200,
            0
        ],
        [
            1200,
            0
        ],
        [
            1200,
            720
        ],
        [
            0,
            0
        ],
        [
            470,
            280
        ],
        [
            470,
            480
        ],
        [
            1200,
            120
        ],
        [
            1200,
            320
        ]
    ],
    "thickness": [
        10,
        10,
        10,
        10,
        10,
        10,
        10,
        10
    ],
    "moves": 5,
    "victory": [
        [
            1108,
            122
        ]
    ],
    "player": [
        [
            1100,
            620
        ]
    ],
    "ball_center": [],
    "ball_radius": [],
    "portal_start": [],
    "portal_end": [],
    "coin_pos": [
        [
            180,
            340
        ],
        [
            400,
            420
        ],
        [
            1080,
            340
        ],
        [
            820,
            420
        ],
        [
            1040,
            140
        ],
        [
            760,
            240
        ],
        [
            120,
            140
        ],
        [
            400,
            240
        ],
        [
            620,
            560
        ]
    ]
}