{
    "start": [
        [
            100,
            320
        ],
        [
            0,
            680
        ],
        [
            1200,
            680
        ],
        [
            1200,
            680
        ],
        [
            0,
            0
        ]
    ],
    "end": [
        [
            100,
            600
        ],
        [
            400,
            680
        ],
        [
            600,
            680
        ],
        [
            1200,
            0
        ],
        [
            1200,
            0
        ]
    ],
    "thickness": [
        10,
        10,
        10,
        10,
        10
    ],
    "moves": 5,
    "victory": [
        [
            28,
            392
        ]
    ],
    "player": [
        [
            1080,
            620
        ]
    ],
    "ball_center": [],
    "ball_radius": [],
    "portal_start": [],
    "portal_end": [],
    "coin_pos": [
        [
            920,
            620
        ],
        [
            700,
            580
        ],
        [
            280,
            580
        ],
        [
            480,
            620
        ],
        [
            60,
            620
        ],
        [
            40,
            440
        ]
    ]
}