{
    "start": [
        [
            0,
            720
        ],
        [
            0,
            0
        ],
        [
            1200,
            720
        ],
        [
            0,
            720
        ],
        [
            700,
            620
        ],
        [
            420,
            480
        ],
        [
            700,
            620
        ],
        [
            400,
            380
        ],
        [
            400,
            380
        ],
        [
            160,
            380
        ],
        [
            760,
            380
        ],
        [
            760,
            380
        ],
        [
            1020,
            380
        ],
        [
            740,
            140
        ],
        [
            280,
            720
        ],
        [
            1200,
            380
        ]
    ],
    "end": [
        [
            0,
            0
        ],
        [
            1200,
            0
        ],
        [
            1200,
            0
        ],
        [
            1200,
            720
        ],
        [
            460,
            620
        ],
        [
            460,
            620
        ],
        [
            740,
            480
        ],
        [
            160,
            380
        ],
        [
            440,
            240
        ],
        [
            120,
            240
        ],
        [
            1020,
            380
        ],
        [
            720,
            240
        ],
        [
            1060,
            240
        ],
        [
            420,
            140
        ],
        [
            0,
            380
        ],
        [
            900,
            720
        ]
    ],
    "thickness": [
        10,
        10,
        10,
        10,
        10,
        10,
        10,
        10,
        10,
        10,
        10,
        10,
        10,
        10,
        10,
        10
    ],
    "moves": 10,
    "victory": [
        [
            564,
            116
        ]
    ],
    "player": [
        [
            580,
            600
        ]
    ],
    "ball_center": [
        [
            580,
            360
        ],
        [
            580,
            360
        ],
        [
            580,
            360
        ]
    ],
    "ball_radius": [
        10,
        10,
        10
    ],
    "portal_start": [
        [
            820,
            320
        ],
        [
            340,
            320
        ]
    ],
    "portal_end": [
        [
            980,
            520
        ],
        [
            200,
            520
        ]
    ],
    "coin_pos": [
        [
            120,
            480
        ],
        [
            580,
            520
        ],
        [
            1060,
            480
        ],
        [
            900,
            340
        ],
        [
            260,
            340
        ],
        [
            420,
            100
        ],
        [
            740,
            100
        ],
        [
            580,
            280
        ]
    ]
}