{
    "start": [
        [
            1200,
            0
        ],
        [
            1200,
            0
        ],
        [
            0,
            720
        ],
        [
            0,
            0
        ],
        [
            940,
            200
        ],
        [
            1200,
            360
        ],
        [
            140,
            360
        ],
        [
            540,
            460
        ],
        [
            600,
            360
        ]
    ],
    "end": [
        [
            0,
            0
        ],
        [
            1200,
            720
        ],
        [
            1200,
            720
        ],
        [
            0,
            720
        ],
        [
            940,
            720
        ],
        [
            1040,
            360
        ],
        [
            940,
            360
        ],
        [
            540,
            720
        ],
        [
            600,
            360
        ]
    ],
    "thickness": [
        10,
        10,
        10,
        10,
        10,
        10,
        10,
        10,
        10
    ],
    "moves": 15,
    "victory": [
        [
            724,
            696
        ]
    ],
    "player": [
        [
            1080,
            660
        ]
    ],
    "ball_center": [],
    "ball_radius": [],
    "portal_start": [
        [
            760,
            100
        ],
        [
            480,
            660
        ],
        [
            300,
            300
        ]
    ],
    "portal_end": [
        [
            1140,
            300
        ],
        [
            760,
            100
        ],
        [
            760,
            100
        ]
    ],
    "coin_pos": [
        [
            740,
            580
        ],
        [
            1080,
            520
        ],
        [
            980,
            400
        ],
        [
            980,
            180
        ],
        [
            40,
            360
        ],
        [
            160,
            540
        ],
        [
            360,
            440
        ],
        [
            160,
            140
        ],
        [
            400,
            140
        ],
        [
            560,
            420
        ]
    ]
}