{
    "start": [
        [
            0,
            0
        ],
        [
            1200,
            720
        ],
        [
            0,
            0
        ],
        [
            620,
            720
        ],
        [
            1200,
            720
        ],
        [
            920,
            240
        ]
    ],
    "end": [
        [
            1200,
            0
        ],
        [
            1200,
            0
        ],
        [
            0,
            560
        ],
        [
            0,
            560
        ],
        [
            920,
            720
        ],
        [
            920,
            720
        ]
    ],
    "thickness": [
        10,
        10,
        10,
        10,
        10,
        10
    ],
    "moves": 5,
    "victory": [
        [
            24,
            556
        ]
    ],
    "player": [
        [
            1060,
            620
        ]
    ],
    "ball_center": [],
    "ball_radius": [],
    "portal_start": [],
    "portal_end": [],
    "coin_pos": [
        [
            1060,
            420
        ],
        [
            1060,
            200
        ],
        [
            760,
            300
        ],
        [
            880,
            180
        ],
        [
            260,
            540
        ],
        [
            420,
            480
        ],
        [
            580,
            400
        ]
    ]
}