{
    "start": [
        [
            0,
            0
        ],
        [
            1200,
            720
        ],
        [
            1200,
            720
        ],
        [
            0,
            0
        ],
        [
            1020,
            200
        ],
        [
            1020,
            200
        ],
        [
            840,
            480
        ]
    ],
    "end": [
        [
            1200,
            0
        ],
        [
            1200,
            0
        ],
        [
            0,
            720
        ],
        [
            0,
            720
        ],
        [
            1020,
            720
        ],
        [
            220,
            140
        ],
        [
            0,
            400
        ]
    ],
    "thickness": [
        10,
        10,
        10,
        10,
        10,
        10,
        10
    ],
    "moves": 5,
    "victory": [
        [
            144,
            696
        ]
    ],
    "player": [
        [
            1120,
            600
        ]
    ],
    "ball_center": [],
    "ball_radius": [],
    "portal_start": [],
    "portal_end": [],
    "coin_pos": [
        [
            1120,
            360
        ],
        [
            1100,
            120
        ],
        [
            780,
            100
        ],
        [
            520,
            100
        ],
        [
            260,
            100
        ],
        [
            100,
            240
        ],
        [
            300,
            400
        ],
        [
            400,
            680
        ],
        [
            720,
            680
        ],
        [
            920,
            540
        ],
        [
            600,
            420
        ]
    ]
}