{
    "start": [
        [
            0,
            0
        ],
        [
            0,
            0
        ],
        [
            0,
            720
        ],
        [
            1200,
            720
        ],
        [
            1020,
            720
        ],
        [
            860,
            560
        ],
        [
            700,
            720
        ],
        [
            540,
            240
        ]
    ],
    "end": [
        [
            1200,
            0
        ],
        [
            0,
            720
        ],
        [
            1200,
            720
        ],
        [
            1200,
            0
        ],
        [
            1020,
            200
        ],
        [
            860,
            0
        ],
        [
            700,
            200
        ],
        [
            0,
            700
        ]
    ],
    "thickness": [
        10,
        10,
        10,
        10,
        10,
        10,
        10,
        10
    ],
    "moves": 5,
    "victory": [
        [
            164,
            696
        ]
    ],
    "player": [
        [
            1120,
            680
        ]
    ],
    "ball_center": [],
    "ball_radius": [],
    "portal_start": [],
    "portal_end": [],
    "coin_pos": [
        [
            1120,
            560
        ],
        [
            1120,
            380
        ],
        [
            1120,
            200
        ],
        [
            940,
            200
        ],
        [
            940,
            400
        ],
        [
            940,
            640
        ],
        [
            760,
            640
        ],
        [
            760,
            200
        ],
        [
            300,
            640
        ],
        [
            460,
            500
        ],
        [
            760,
            400
        ],
        [
            600,
            360
        ]
    ]
}