{
    "start": [
        [
            160,
            120
        ],
        [
            1040,
            120
        ],
        [
            660,
            680
        ],
        [
            480,
            600
        ],
        [
            660,
            680
        ],
        [
            720,
            560
        ],
        [
            480,
            560
        ],
        [
            1040,
            320
        ],
        [
            480,
            560
        ],
        [
            640,
            100
        ]
    ],
    "end": [
        [
            540,
            400
        ],
        [
            660,
            400
        ],
        [
            540,
            680
        ],
        [
            540,
            680
        ],
        [
            720,
            600
        ],
        [
            720,
            600
        ],
        [
            480,
            600
        ],
        [
            720,
            560
        ],
        [
            160,
            320
        ],
        [
            560,
            100
        ]
    ],
    "thickness": [
        10,
        10,
        10,
        10,
        10,
        10,
        10,
        10,
        10,
        10
    ],
    "moves": 5,
    "victory": [
        [
            584,
            76
        ]
    ],
    "player": [
        [
            600,
            140
        ]
    ],
    "ball_center": [
        [
            820,
            200
        ],
        [
            260,
            120
        ],
        [
            300,
            120
        ],
        [
            300,
            160
        ],
        [
            340,
            160
        ],
        [
            340,
            200
        ],
        [
            380,
            200
        ],
        [
            420,
            240
        ],
        [
            380,
            240
        ],
        [
            420,
            280
        ],
        [
            460,
            280
        ],
        [
            500,
            320
        ],
        [
            460,
            320
        ],
        [
            740,
            320
        ],
        [
            740,
            280
        ],
        [
            780,
            280
        ],
        [
            780,
            240
        ],
        [
            860,
            200
        ],
        [
            820,
            240
        ],
        [
            860,
            160
        ],
        [
            900,
            180
        ],
        [
            900,
            140
        ],
        [
            940,
            160
        ],
        [
            940,
            120
        ],
        [
            980,
            120
        ],
        [
            200,
            80
        ],
        [
            1000,
            60
        ]
    ],
    "ball_radius": [
        10,
        10,
        10,
        10,
        10,
        10,
        10,
        10,
        10,
        10,
        10,
        10,
        10,
        10,
        10,
        10,
        10,
        10,
        10,
        10,
        10,
        10,
        10,
        10,
        10,
        10,
        10
    ],
    "portal_start": [],
    "portal_end": [],
    "coin_pos": [
        [
            400,
            460
        ],
        [
            400,
            460
        ],
        [
            220,
            320
        ],
        [
            960,
            120
        ],
        [
            980,
            320
        ],
        [
            260,
            140
        ],
        [
            260,
            140
        ],
        [
            960,
            120
        ],
        [
            960,
            120
        ],
        [
            400,
            460
        ],
        [
            400,
            460
        ],
        [
            600,
            640
        ],
        [
            800,
            480
        ],
        [
            960,
            120
        ],
        [
            960,
            120
        ],
        [
            960,
            120
        ],
        [
            960,
            120
        ],
        [
            800,
            480
        ],
        [
            800,
            480
        ],
        [
            740,
            300
        ],
        [
            480,
            320
        ]
    ]
}