{
    "start": [
        [
            1200,
            0
        ],
        [
            1200,
            0
        ],
        [
            0,
            420
        ],
        [
            0,
            420
        ],
        [
            940,
            720
        ],
        [
            940,
            720
        ],
        [
            340,
            140
        ]
    ],
    "end": [
        [
            0,
            0
        ],
        [
            1200,
            720
        ],
        [
            0,
            0
        ],
        [
            700,
            420
        ],
        [
            1200,
            720
        ],
        [
            940,
            200
        ],
        [
            700,
            420
        ]
    ],
    "thickness": [
        10,
        10,
        10,
        10,
        10,
        10,
        10
    ],
    "moves": 5,
    "victory": [
        [
            584,
            400
        ]
    ],
    "player": [
        [
            1080,
            600
        ]
    ],
    "ball_center": [],
    "ball_radius": [],
    "portal_start": [],
    "portal_end": [],
    "coin_pos": [
        [
            1080,
            400
        ],
        [
            1060,
            220
        ],
        [
            940,
            100
        ],
        [
            720,
            100
        ],
        [
            520,
            100
        ],
        [
            280,
            80
        ],
        [
            180,
            220
        ],
        [
            300,
            380
        ]
    ]
}