{
    "start": [
        [
            180,
            600
        ],
        [
            980,
            340
        ],
        [
            980,
            340
        ],
        [
            180,
            340
        ],
        [
            180,
            340
        ],
        [
            720,
            180
        ],
        [
            720,
            180
        ],
        [
            440,
            180
        ]
    ],
    "end": [
        [
            980,
            600
        ],
        [
            980,
            600
        ],
        [
            720,
            600
        ],
        [
            180,
            600
        ],
        [
            400,
            600
        ],
        [
            440,
            180
        ],
        [
            720,
            100
        ],
        [
            440,
            100
        ]
    ],
    "thickness": [
        10,
        10,
        10,
        10,
        10,
        10,
        10,
        10
    ],
    "moves": 5,
    "victory": [
        [
            564,
            156
        ]
    ],
    "player": [
        [
            580,
            520
        ]
    ],
    "ball_center": [],
    "ball_radius": [],
    "portal_start": [],
    "portal_end": [],
    "coin_pos": [
        [
            780,
            220
        ],
        [
            780,
            220
        ],
        [
            780,
            220
        ],
        [
            780,
            220
        ],
        [
            400,
            220
        ],
        [
            400,
            400
        ],
        [
            780,
            400
        ],
        [
            580,
            80
        ],
        [
            600,
            360
        ]
    ]
}